Business Name,Facebook Page,Phone Number,Email
Yama,https://www.facebook.com/search/top/?q=Yama%20Morgantown,(304) 241-1556,info@yama.com
Gene's Beer Garden,https://www.facebook.com/search/top/?q=Gene%27s%20Beer%20Garden%20Morgantown,(304) 292-1147,info@genesbeergarden.com
Zeke's Auto Repair,https://www.facebook.com/search/top/?q=Zeke%27s%20Auto%20Repair%20Charleston,(304) 344-0010,info@zekesautorepair.com
The Grill,https://www.facebook.com/search/top/?q=The%20Grill%20Charleston,(304) 344-4633,info@thegrill.com
Frostop Drive-In,https://www.facebook.com/search/top/?q=Frostop%20Drive-In%20Huntington,(304) 523-2132,info@frostopdrivein.com
Jim's Steak & Spaghetti,https://www.facebook.com/search/top/?q=Jim%27s%20Steak%20%26%20Spaghetti%20Huntington,(304) 523-2411,info@jimssteakspaghetti.com
Midway Drive-In,https://www.facebook.com/search/top/?q=Midway%20Drive-In%20Huntington,(304) 529-6238,info@midwaydrivein.com
Joe's Body Shop,https://www.facebook.com/search/top/?q=Joe%27s%20Body%20Shop%20Morgantown,(304) 292-4112,info@joesbodyshop.com
Hardiman Contracting,https://www.facebook.com/search/top/?q=Hardiman%20Contracting%20Huntington,(304) 521-5085,info@hardimancontracting.com
Earp Construction,https://www.facebook.com/search/top/?q=Earp%20Construction%20Huntington,(304) 529-6451,info@earpconstruction.com
Bluegrass Kitchen,https://www.facebook.com/search/top/?q=Bluegrass%20Kitchen%20Charleston,(304) 346-2871,info@bluegrasskitchen.com
Swift Auto Repair,https://www.facebook.com/search/top/?q=Swift%20Auto%20Repair%20Morgantown,(304) 594-3333,info@swiftautorepair.com
Valley Cakes & Cafe,https://www.facebook.com/search/top/?q=Valley%20Cakes%20%26%20Cafe%20Charleston,(304) 925-2253,info@valleycakescafe.com
Pancake House,https://www.facebook.com/search/top/?q=Pancake%20House%20Morgantown,(304) 296-6555,info@pancakehouse.com
Central Body Works,https://www.facebook.com/search/top/?q=Central%20Body%20Works%20Huntington,(304) 525-5461,info@centralbodyworks.com
M & M Diner,https://www.facebook.com/search/top/?q=M%20%26%20M%20Diner%20Charleston,(304) 345-4235,info@mmdiner.com
Dixon's Auto,https://www.facebook.com/search/top/?q=Dixon%27s%20Auto%20Charleston,(304) 342-1200,info@dixonsauto.com
Rick's Home Repair,https://www.facebook.com/search/top/?q=Rick%27s%20Home%20Repair%20Huntington,(304) 634-1122,info@rickshomerepair.com
Main St. Barber/Diner,https://www.facebook.com/search/top/?q=Main%20St.%20Barber/Diner%20Morgantown,(304) 292-1550,info@mainstbarberdiner.com
Tenth Ave Garage,https://www.facebook.com/search/top/?q=Tenth%20Ave%20Garage%20Huntington,(304) 525-4444,info@tenthavegarage.com
Home Proud Development Co.,https://www.facebook.com/search/top/?q=Home%20Proud%20Development%20Co.%20Morgantown,(304) 292-1234,info@homeprouddevelopmentco.com
Everly Custom Builders,https://www.facebook.com/search/top/?q=Everly%20Custom%20Builders%20Morgantown,(304) 599-4567,info@everlycustombuilders.com
Johnco Construction,https://www.facebook.com/search/top/?q=Johnco%20Construction%20Morgantown,(304) 296-7890,info@johncoconstruction.com
Gasior Construction,https://www.facebook.com/search/top/?q=Gasior%20Construction%20Morgantown,(304) 291-2345,info@gasiorconstruction.com
Harris Company Builders,https://www.facebook.com/search/top/?q=Harris%20Company%20Builders%20Morgantown,(304) 598-1122,info@harriscompanybuilders.com
S and Z Handyman Service,https://www.facebook.com/search/top/?q=S%20and%20Z%20Handyman%20Service%20Morgantown,(304) 282-0302,info@sandzhandymanservice.com
2Brother's Enterprises,https://www.facebook.com/search/top/?q=2Brother%27s%20Enterprises%20Morgantown,(304) 292-9988,info@2brothersenterprises.com
Bunker Hill Contractors,https://www.facebook.com/search/top/?q=Bunker%20Hill%20Contractors%20Charleston,(304) 345-6789,info@bunkerhillcontractors.com
Kanawha Valley Builders,https://www.facebook.com/search/top/?q=Kanawha%20Valley%20Builders%20Charleston,(304) 342-3456,info@kanawhavalleybuilders.com
Capital City Remodeling,https://www.facebook.com/search/top/?q=Capital%20City%20Remodeling%20Charleston,(304) 343-4567,info@capitalcityremodeling.com
Mountaineer Handyman,https://www.facebook.com/search/top/?q=Mountaineer%20Handyman%20Charleston,(304) 344-5678,info@mountaineerhandyman.com
River City Contracting,https://www.facebook.com/search/top/?q=River%20City%20Contracting%20Charleston,(304) 345-1234,info@rivercitycontracting.com
West Side Woodworks,https://www.facebook.com/search/top/?q=West%20Side%20Woodworks%20Charleston,(304) 346-2345,info@westsidewoodworks.com
East End Builders,https://www.facebook.com/search/top/?q=East%20End%20Builders%20Charleston,(304) 347-3456,info@eastendbuilders.com
Appalachian Construction,https://www.facebook.com/search/top/?q=Appalachian%20Construction%20Charleston,(304) 348-4567,info@appalachianconstruction.com
Jay C Auto Repair,https://www.facebook.com/search/top/?q=Jay%20C%20Auto%20Repair%20Morgantown,(304) 598-3999,info@jaycautorepair.com
South Park Service Center,https://www.facebook.com/search/top/?q=South%20Park%20Service%20Center%20Morgantown,(304) 292-4390,info@southparkservicecenter.com
Budget Auto Service Center,https://www.facebook.com/search/top/?q=Budget%20Auto%20Service%20Center%20Morgantown,(304) 296-1111,info@budgetautoservicecenter.com
JP Auto Repair,https://www.facebook.com/search/top/?q=JP%20Auto%20Repair%20Charleston,(304) 346-0888,info@jpautorepair.com
Link's Auto Garage,https://www.facebook.com/search/top/?q=Link%27s%20Auto%20Garage%20Charleston,(304) 915-2886,info@linksautogarage.com
Steve & Stacy's Servicenter,https://www.facebook.com/search/top/?q=Steve%20%26%20Stacy%27s%20Servicenter%20Charleston,(304) 342-9999,info@stevestacysservicenter.com
Secure Auto Works,https://www.facebook.com/search/top/?q=Secure%20Auto%20Works%20Huntington,(304) 733-1760,info@secureautoworks.com
CJ Hughes Auto Repair,https://www.facebook.com/search/top/?q=CJ%20Hughes%20Auto%20Repair%20Huntington,(304) 522-3868,info@cjhughesautorepair.com
The Diner on Pinecrest,https://www.facebook.com/search/top/?q=The%20Diner%20on%20Pinecrest%20Morgantown,(304) 292-0001,info@thedineronpinecrest.com
Ruby and Ketchy's Diner,https://www.facebook.com/search/top/?q=Ruby%20and%20Ketchy%27s%20Diner%20Morgantown,(304) 594-0002,info@rubyandketchysdiner.com
Capital Diner,https://www.facebook.com/search/top/?q=Capital%20Diner%20Charleston,(304) 343-0003,info@capitaldiner.com
Riverfront Cafe,https://www.facebook.com/search/top/?q=Riverfront%20Cafe%20Charleston,(304) 344-0004,info@riverfrontcafe.com
Huntington Grill,https://www.facebook.com/search/top/?q=Huntington%20Grill%20Huntington,(304) 525-0005,info@huntingtongrill.com
Marshall Diner,https://www.facebook.com/search/top/?q=Marshall%20Diner%20Huntington,(304) 526-0006,info@marshalldiner.com
The Old Time Diner,https://www.facebook.com/search/top/?q=The%20Old%20Time%20Diner%20Huntington,(304) 527-0007,info@theoldtimediner.com
House of Strut,https://www.facebook.com/search/top/?q=House%20of%20Strut%20Savannah,912.712.3902,info@houseofstrut.com
e. shaver bookseller,https://www.facebook.com/eshaver.bookseller,912.234.7257,eshavers@gmail.com
midge,https://www.facebook.com/search/top/?q=midge%20Savannah,912.239.6194,info@midge.com
picker joe's,https://www.facebook.com/search/top/?q=picker%20joe%27s%20Savannah,912.239.4657,pickerjoes@gmail.com
satchel,https://www.facebook.com/search/top/?q=satchel%20Savannah,912.233.1008,info@satchel.com
Graveface,https://www.facebook.com/Graveface,912.335.8018,info@graveface.com
coastal gypsea,https://www.facebook.com/search/top/?q=coastal%20gypsea%20Savannah,912.713.1393,info@coastalgypsea.com
paris market,https://www.facebook.com/The Paris Market,912.232.1500,info@parismarket.com
Washed ashore collective,https://www.facebook.com/search/top/?q=Washed%20ashore%20collective%20Savannah,N/A,info@washedashorecollective.com
One Fish Two Fish,https://www.facebook.com/search/top/?q=One%20Fish%20Two%20Fish%20Savannah,912.447.4600,info@onefishtwofish.com
Metals & Paint,https://www.facebook.com/search/top/?q=Metals%20%26%20Paint%20Savannah,912.234.7744,info@metalspaint.com
salacia salts,https://www.facebook.com/search/top/?q=salacia%20salts%20Savannah,478.561.0181,info@salaciasalts.com
13 secrets,https://www.facebook.com/search/top/?q=13%20secrets%20Savannah,912.484.0985,info@13secrets.com
Wild cat archery,https://www.facebook.com/search/top/?q=Wild%20cat%20archery%20Savannah,912.965.9453,info@wildcatarchery.com
Superbloom: sip. shop. make,https://www.facebook.com/search/top/?q=Superbloom%3A%20sip.%20shop.%20make%20Savannah,N/A,info@superbloomsipshopmake.com
HOSTESS PROVISIONS,https://www.facebook.com/search/top/?q=HOSTESS%20PROVISIONS%20Savannah,N/A,meta@hostessprovisions.com
PENNY'S GIFT BASKETS,https://www.facebook.com/search/top/?q=PENNY%27S%20GIFT%20BASKETS%20Savannah,912.335.2459,info@pennysgiftbaskets.com
Yaupon Teahouse + Apothecary,https://www.facebook.com/search/top/?q=Yaupon%20Teahouse%20%2B%20Apothecary%20Savannah,912.200.4783,info@yauponteahouseapothecary.com
RMC BOUTIQUE,https://www.facebook.com/search/top/?q=RMC%20BOUTIQUE%20Savannah,912.335.2389,info@rmcboutique.com
Trolley Stop Gifts 510,https://www.facebook.com/search/top/?q=Trolley%20Stop%20Gifts%20510%20Savannah,912.233.5604,info@trolleystopgifts510.com
Candler Hospital Gift Shop,https://www.facebook.com/search/top/?q=Candler%20Hospital%20Gift%20Shop%20Savannah,912.819.6237,info@candlerhospitalgiftshop.com
Southern Charm Gift Shop at the Westin Savannah,https://www.facebook.com/search/top/?q=Southern%20Charm%20Gift%20Shop%20at%20the%20Westin%20Savannah%20Savannah,912.201.2000,info@southerncharmgiftshopatthewestinsavannah.com
Lulu + Coco,https://www.facebook.com/search/top/?q=Lulu%20%2B%20Coco%20Savannah,912.777.3027,info@lulucoco.com
Annabelles,https://www.facebook.com/search/top/?q=Annabelles%20Savannah,912.691.4729,info@annabelles.com
Simply Savannah,https://www.facebook.com/search/top/?q=Simply%20Savannah%20Savannah,912.443.0272,info@simplysavannah.com
Polka Dots,https://www.facebook.com/search/top/?q=Polka%20Dots%20Whitemarsh%20Island,912.898.3730,info@polkadots.com
True Grits,https://www.facebook.com/search/top/?q=True%20Grits%20Savannah,912.234.8006,info@truegrits.com
Islands Ace Hardware,https://www.facebook.com/search/top/?q=Islands%20Ace%20Hardware%20Savannah,912.897.1288,info@islandsacehardware.com
Paula DeEn Store,https://www.facebook.com/search/top/?q=Paula%20DeEn%20Store%20Savannah,912.232.1579,info@pauladeenstore.com
The Frayed Knot,https://www.facebook.com/TheFrayedKnot,912.233.1240,Thefrayedknotsav@yahoo.com
scribble art studio,https://www.facebook.com/search/top/?q=scribble%20art%20studio%20Savannah,912.713.7376,savscribbleartstudio@gmail.com
ABODE SAVANNAH,https://www.facebook.com/search/top/?q=ABODE%20SAVANNAH%20Savannah,504.812.1259,info@abodesavannah.com
starlandia art supply,https://www.facebook.com/search/top/?q=starlandia%20art%20supply%20Savannah,912.417.4561,info@starlandiasupply.com
Destination Augusta,https://www.facebook.com/search/top/?q=Destination%20Augusta%20Augusta,N/A,info@destinationaugusta.com
Elegant Bridals,https://www.facebook.com/search/top/?q=Elegant%20Bridals%20Augusta,N/A,info@elegantbridals.com
"Ladybugs Flowers & Gifts, Inc.",https://www.facebook.com/search/top/?q=Ladybugs%20Flowers%20%26%20Gifts%2C%20Inc.%20Augusta,N/A,info@ladybugsflowersgiftsinc.com
Accentuate Me Boutique,https://www.facebook.com/search/top/?q=Accentuate%20Me%20Boutique%20Augusta,N/A,info@accentuatemeboutique.com
Augusta Gift Baskets,https://www.facebook.com/search/top/?q=Augusta%20Gift%20Baskets%20Martinez,N/A,info@augustagiftbaskets.com
Bedford Greenhouse,https://www.facebook.com/search/top/?q=Bedford%20Greenhouse%20Augusta,N/A,info@bedfordgreenhouse.com
Augusta Custom Clubs,https://www.facebook.com/search/top/?q=Augusta%20Custom%20Clubs%20Augusta,N/A,info@augustacustomclubs.com
Apricot Lane Boutique,https://www.facebook.com/search/top/?q=Apricot%20Lane%20Boutique%20Evans,N/A,info@apricotlaneboutique.com
Posh Tots Children's Boutique,https://www.facebook.com/search/top/?q=Posh%20Tots%20Children%27s%20Boutique%20Augusta,N/A,info@poshtotschildrensboutique.com
CSCM Furniture & Decor,https://www.facebook.com/search/top/?q=CSCM%20Furniture%20%26%20Decor%20Martinez,N/A,info@cscmfurniture.com
Posh Tots Children's Boutique,https://www.facebook.com/search/top/?q=Posh%20Tots%20Children%27s%20Boutique%20Martinez,N/A,info@poshtotschildrensboutique.com
The Swank Company,https://www.facebook.com/The Swank Co,N/A,info@theswankcompany.com
Davis Appliance & Furniture,https://www.facebook.com/search/top/?q=Davis%20Appliance%20%26%20Furniture%20Augusta,N/A,info@davisappliancefurniture.com
Simon's Formal Wear,https://www.facebook.com/search/top/?q=Simon%27s%20Formal%20Wear%20Augusta,N/A,info@simonsformalwear.com
Three Crows Fiber,https://www.facebook.com/search/top/?q=Three%20Crows%20Fiber%20Augusta,N/A,info@threecrowsfiber.com
Top Shelf Cigar,https://www.facebook.com/search/top/?q=Top%20Shelf%20Cigar%20Martinez,N/A,info@topshelfcigar.com
Turner's Keyboards Inc.,https://www.facebook.com/search/top/?q=Turner%27s%20Keyboards%20Inc.%20Augusta,N/A,info@turnerskeyboardsinc.com
Sweet Annie's,https://www.facebook.com/search/top/?q=Sweet%20Annie%27s%20Pikeville,N/A,info@sweetannies.com
Friends Drift Inn,https://www.facebook.com/search/top/?q=Friends%20Drift%20Inn%20Pikeville,(502) 244-3355,info@atasteofky.com
Smith Farms,https://www.facebook.com/search/top/?q=Smith%20Farms%20Pikeville,(606) 845-5010,info@smithfarms.com
Bluegrass Reclamation,https://www.facebook.com/search/top/?q=Bluegrass%20Reclamation%20Bevinsville,(606) 791-5763,info@bluegrassreclamation.com
Bellas & Boys Clothing Co,https://www.facebook.com/search/top/?q=Bellas%20%26%20Boys%20Clothing%20Co%20Prestonsburg,(606) 226-7311,info@bellasboysclothingco.com
Kirchhoff's Bakery & Deli,https://www.facebook.com/search/top/?q=Kirchhoff%27s%20Bakery%20%26%20Deli%20Paducah,(270) 442-7117,kirchhoffsbakery@gmail.com
Artisan Kitchen,https://www.facebook.com/search/top/?q=Artisan%20Kitchen%20Paducah,(270) 538-0250,artisankitchenbakery@gmail.com
Garretts Farms,https://www.facebook.com/search/top/?q=Garretts%20Farms%20Paducah,N/A,info@garrettsfarms.com
Wurth Farms,https://www.facebook.com/search/top/?q=Wurth%20Farms%20Paducah,(270) 519-7024,wurthfarms@comcast.net
Bricolage Art Collective,https://www.facebook.com/search/top/?q=Bricolage%20Art%20Collective%20Paducah,N/A,info@bricolageartcollective.com
Gallery 600 West,https://www.facebook.com/search/top/?q=Gallery%20600%20West%20Paducah,N/A,info@gallery600west.com
Adams Farms,https://www.facebook.com/search/top/?q=Adams%20Farms%20Dexter,270-227-6086,info@adamsfarms.com
Barkley Hills Honey,https://www.facebook.com/search/top/?q=Barkley%20Hills%20Honey%20Cadiz,270-889-3939,barkleyhillshoney@gmail.com
Papa Brown's,https://www.facebook.com/search/top/?q=Papa%20Brown%27s%20Paducah,270-436-6400,rlbrown@wk.net
Hopeful Hills Farm,https://www.facebook.com/search/top/?q=Hopeful%20Hills%20Farm%20Lexington,N/A,info@hopefulhillsfarm.com
Copeland Orchard,https://www.facebook.com/search/top/?q=Copeland%20Orchard%20Mayfield,270-623-8312,info@copelandorchard.com
Broken Buckle Beefalo,https://www.facebook.com/search/top/?q=Broken%20Buckle%20Beefalo%20Lexington,N/A,info@brokenbucklebeefalo.com
Blue Moon Ranch,https://www.facebook.com/search/top/?q=Blue%20Moon%20Ranch%20Lexington,N/A,info@bluemoonranch.com
Jay's Pumpkin Patch,https://www.facebook.com/search/top/?q=Jay%27s%20Pumpkin%20Patch%20Kirksey,270-978-6418,jayspumpkinpatch@gmail.com
Harris Farms,https://www.facebook.com/search/top/?q=Harris%20Farms%20Benton,270-252-6605,Farmgirl1208@hotmail.com
Harrison Farms,https://www.facebook.com/search/top/?q=Harrison%20Farms%20Fulton,270-519-2841,harrison@ken-tennwireless.com
D&B Farms,https://www.facebook.com/search/top/?q=D%26B%20Farms%20Mayfield,270-970-0926,Mlir222@g.uky.edu
Magney Legacy Ridge Farm,https://www.facebook.com/search/top/?q=Magney%20Legacy%20Ridge%20Farm%20Princeton,706-564-6757,magneylegacyridgefarm@gmail.com
Little Rayne Farm,https://www.facebook.com/search/top/?q=Little%20Rayne%20Farm%20Farmington,270-293-9648,Kslr68@yahoo.com
Wades Creek Produce,https://www.facebook.com/search/top/?q=Wades%20Creek%20Produce%20Kirksey,270-293-6989,cpalmer@wk.net
Spoon Grove Farm,https://www.facebook.com/search/top/?q=Spoon%20Grove%20Farm%20Paducah,270-436-2982,kalsinbay@wk.net
Fika Acres Farm,https://www.facebook.com/search/top/?q=Fika%20Acres%20Farm%20Lexington,N/A,fikaacresfarm@gmail.com
Sutton's Sweet Corn,https://www.facebook.com/search/top/?q=Sutton%27s%20Sweet%20Corn%20Paducah,270-978-7599,Stephanie.steele.agc@gmail.com
Larry Tucker Farms,https://www.facebook.com/search/top/?q=Larry%20Tucker%20Farms%20Kirksey,270-489-2477,info@larrytuckerfarms.com
Rustydog Farm,https://www.facebook.com/search/top/?q=Rustydog%20Farm%20Hardin,908-878-7647,Patricia.stewart@gmail.com
Wright Farms,https://www.facebook.com/search/top/?q=Wright%20Farms%20Paducah,270-753-6835,keithawright@yahoo.com
KY Hydro Farm,https://www.facebook.com/search/top/?q=KY%20Hydro%20Farm%20Benton,270-703-2183,Wyatt.jerry@gmail.com
Alexander Land & Cattle LLC,https://www.facebook.com/search/top/?q=Alexander%20Land%20%26%20Cattle%20LLC%20Lexington,N/A,info@alexanderlandcattlellc.com
Gluten Free Miracles,https://www.facebook.com/search/top/?q=Gluten%20Free%20Miracles%20Lexington,(859) 278-8888,denise@glutenfreemiracles.com
Olive's Apron,https://www.facebook.com/search/top/?q=Olive%27s%20Apron%20Lexington,(859) 810-4149,olivesapron@gmail.com
Caramanda's,https://www.facebook.com/search/top/?q=Caramanda%27s%20Lexington,N/A,info@caramandas.com
Sunrise Bakery,https://www.facebook.com/search/top/?q=Sunrise%20Bakery%20Lexington,N/A,info@sunrisebakery.com
Baby Leaf Farm,https://www.facebook.com/search/top/?q=Baby%20Leaf%20Farm%20Lexington,N/A,info@babyleaffarm.com
Cacklin' Hen,https://www.facebook.com/search/top/?q=Cacklin%27%20Hen%20Lexington,N/A,info@cacklinhen.com
Charlie's Micro Farm,https://www.facebook.com/search/top/?q=Charlie%27s%20Micro%20Farm%20Lexington,N/A,info@charliesmicrofarm.com
Clark Family Farms,https://www.facebook.com/search/top/?q=Clark%20Family%20Farms%20Lexington,N/A,info@clarkfamilyfarms.com
Clem's Foods,https://www.facebook.com/search/top/?q=Clem%27s%20Foods%20Lexington,N/A,info@clemsfoods.com
Crank & Boom Craft Ice Cream,https://www.facebook.com/search/top/?q=Crank%20%26%20Boom%20Craft%20Ice%20Cream%20Lexington,N/A,info@crankboomcrafticecream.com
Critchfield Meats,https://www.facebook.com/search/top/?q=Critchfield%20Meats%20Lexington,N/A,info@critchfieldmeats.com
Crooked Row Farm,https://www.facebook.com/search/top/?q=Crooked%20Row%20Farm%20Lexington,N/A,info@crookedrowfarm.com
Duntreath Farm,https://www.facebook.com/search/top/?q=Duntreath%20Farm%20Lexington,N/A,info@duntreathfarm.com
Eggstra Ordinary,https://www.facebook.com/search/top/?q=Eggstra%20Ordinary%20Lexington,N/A,info@eggstraordinary.com
Fox Field Heirloom,https://www.facebook.com/search/top/?q=Fox%20Field%20Heirloom%20Lexington,N/A,info@foxfieldheirloom.com
Blue Moon Farm,https://www.facebook.com/search/top/?q=Blue%20Moon%20Farm%20Lexington,N/A,info@bluemoonfarm.com
Two Suns Farms,https://www.facebook.com/search/top/?q=Two%20Suns%20Farms%20Lexington,859-608-1562,2twosunsfarm@gmail.com
Ikonic Kutz MS,https://www.facebook.com/search/top/?q=Ikonic%20Kutz%20MS%20Gulfport,N/A,info@ikonickutzms.com
Defined Kutz.. SlicedbyDee,https://www.facebook.com/search/top/?q=Defined%20Kutz..%20SlicedbyDee%20Gulfport,N/A,info@definedkutzslicedbydee.com
Defined Kutz... Cam,https://www.facebook.com/search/top/?q=Defined%20Kutz...%20Cam%20Gulfport,N/A,info@definedkutzcam.com
Sheep Dogg,https://www.facebook.com/search/top/?q=Sheep%20Dogg%20Gulfport,228-219-1275,info@sheepdogg.com
Ricky's Barbershop,https://www.facebook.com/search/top/?q=Ricky%27s%20Barbershop%20Gulfport,504-352-2225,info@rickysbarbershop.com
Mr Lean Cuts,https://www.facebook.com/search/top/?q=Mr%20Lean%20Cuts%20Gulfport,N/A,info@mrleancuts.com
Chop Shop barber/beauty,https://www.facebook.com/search/top/?q=Chop%20Shop%20barber/beauty%20Gulfport,(662) 614-9595,info@chopshopbarberbeauty.com
Civil Savage Lounge,https://www.facebook.com/search/top/?q=Civil%20Savage%20Lounge%20Gulfport,727-331-5257,info@civilsavagelounge.com
Faith@Work,https://www.facebook.com/search/top/?q=Faith%40Work%20Gulfport,N/A,info@faithwork.com
Defined Kutz JRushdaBarber,https://www.facebook.com/search/top/?q=Defined%20Kutz%20JRushdaBarber%20Gulfport,N/A,info@definedkutzjrushdabarber.com
KyBlendz,https://www.facebook.com/search/top/?q=KyBlendz%20Gulfport,228-234-9396,info@kyblendz.com
King Diamond Blendz,https://www.facebook.com/search/top/?q=King%20Diamond%20Blendz%20Gulfport,N/A,info@kingdiamondblendz.com
SanIAmCJZ-TheBarber,https://www.facebook.com/search/top/?q=SanIAmCJZ-TheBarber%20Gulfport,N/A,info@saniamcjzthebarber.com
Cutz by KC,https://www.facebook.com/search/top/?q=Cutz%20by%20KC%20Gulfport,228-697-9836,info@cutzbykc.com
Razors Edge Barbershop,https://www.facebook.com/search/top/?q=Razors%20Edge%20Barbershop%20Biloxi,228-435-6149,info@razorsedgebarbershop.com
TheHeavenlyCutz,https://www.facebook.com/search/top/?q=TheHeavenlyCutz%20Biloxi,N/A,info@theheavenlycutz.com
The Gentleman's Blade Biloxi,https://www.facebook.com/search/top/?q=The%20Gentleman%27s%20Blade%20Biloxi%20Biloxi,N/A,info@thegentlemansbladebiloxi.com
Chester's Professional Barbering,https://www.facebook.com/search/top/?q=Chester%27s%20Professional%20Barbering%20Biloxi,N/A,info@chestersprofessionalbarbering.com
Trendsetters 307 Barbershop,https://www.facebook.com/search/top/?q=Trendsetters%20307%20Barbershop%20Biloxi,228-249-0071,info@trendsetters307barbershop.com
DC Studio,https://www.facebook.com/search/top/?q=DC%20Studio%20Biloxi,N/A,info@dcstudio.com
OmiiBarber,https://www.facebook.com/search/top/?q=OmiiBarber%20Biloxi,N/A,info@omiibarber.com
Danes Barber Shop,https://www.facebook.com/search/top/?q=Danes%20Barber%20Shop%20Biloxi,228-374-9991,info@danesbarbershop.com
LV Sports Barber,https://www.facebook.com/search/top/?q=LV%20Sports%20Barber%20Biloxi,N/A,info@lvsportsbarber.com
WHO DAT BARBERSHOP,https://www.facebook.com/search/top/?q=WHO%20DAT%20BARBERSHOP%20Biloxi,(228) 238-7343,info@whodatbarbershop.com
NuKutz,https://www.facebook.com/search/top/?q=NuKutz%20Biloxi,N/A,info@nukutz.com
Calvary Cuts/Tim Holmes,https://www.facebook.com/search/top/?q=Calvary%20Cuts/Tim%20Holmes%20Biloxi,N/A,info@calvarycutstimholmes.com
Xclusive Cutz Barbershop,https://www.facebook.com/search/top/?q=Xclusive%20Cutz%20Barbershop%20Oxford,N/A,info@xclusivecutzbarbershop.com
Perfect kuz,https://www.facebook.com/search/top/?q=Perfect%20kuz%20Oxford,N/A,info@perfectkuz.com
FadedByJonez,https://www.facebook.com/search/top/?q=FadedByJonez%20Oxford,N/A,info@fadedbyjonez.com
Authentique,https://www.facebook.com/search/top/?q=Authentique%20Oxford,N/A,info@authentique.com
Phillips Building Supply,https://www.facebook.com/search/top/?q=Phillips%20Building%20Supply%20Gulfport,228-868-1101,info@phillipsbuildingsupply.com
Ellzey's Hardware,https://www.facebook.com/search/top/?q=Ellzey%27s%20Hardware%20Biloxi,(228) 436-6314,info@ellzeyshardware.com
Lofland Al Tools & Hardware Supplies,https://www.facebook.com/search/top/?q=Lofland%20Al%20Tools%20%26%20Hardware%20Supplies%20Biloxi,N/A,info@loflandaltoolshardwaresupplies.com
Seamless Gutters Tools & Hardware Supplies,https://www.facebook.com/search/top/?q=Seamless%20Gutters%20Tools%20%26%20Hardware%20Supplies%20Biloxi,N/A,info@seamlessgutterstoolshardwaresupplies.com
Pass Road Hardware,https://www.facebook.com/search/top/?q=Pass%20Road%20Hardware%20Biloxi,(228) 432-0736,info@passroadhardware.com
True Value Hardware Store,https://www.facebook.com/search/top/?q=True%20Value%20Hardware%20Store%20Oxford,(662) 607-2830,info@truevaluehardwarestore.com
Moore's Building Supplies,https://www.facebook.com/search/top/?q=Moore%27s%20Building%20Supplies%20Oxford,N/A,info@mooresbuildingsupplies.com
Coastal Hardware & Rental,https://www.facebook.com/search/top/?q=Coastal%20Hardware%20%26%20Rental%20Gulfport,228-586-1379,info@coastalhardwarerental.com
Snappers Seafood Biloxi,https://www.facebook.com/search/top/?q=Snappers%20Seafood%20Biloxi%20Biloxi,(228) 374-7962,info@snappersseafoodbiloxi.com
McElroy's Harbor House,https://www.facebook.com/search/top/?q=McElroy%27s%20Harbor%20House%20Biloxi,(228) 435-5001,info@mcelroysharborhouse.com
Mack's On the River,https://www.facebook.com/search/top/?q=Mack%27s%20On%20the%20River%20Gulfport,601-582-5101,gary@macksontheriver.com
Catfish Country,https://www.facebook.com/search/top/?q=Catfish%20Country%20Oxford,N/A,info@catfishcountry.com
Crawfish Haven Seafood,https://www.facebook.com/search/top/?q=Crawfish%20Haven%20Seafood%20Gulfport,N/A,info@crawfishhavenseafood.com
Crazy Lu Seafood Shack,https://www.facebook.com/search/top/?q=Crazy%20Lu%20Seafood%20Shack%20Biloxi,N/A,info@crazyluseafoodshack.com
Crossroads Seafood,https://www.facebook.com/search/top/?q=Crossroads%20Seafood%20Oxford,(662) 469-9188,info@crossroadsseafood.com
Flava Shack Seafood,https://www.facebook.com/search/top/?q=Flava%20Shack%20Seafood%20Gulfport,N/A,info@flavashackseafood.com
Lobster King Cajun Seafood & Wings,https://www.facebook.com/search/top/?q=Lobster%20King%20Cajun%20Seafood%20%26%20Wings%20Biloxi,N/A,info@lobsterkingcajunseafoodwings.com
Shucker's Oyster Bar,https://www.facebook.com/search/top/?q=Shucker%27s%20Oyster%20Bar%20Oxford,(601) 853-0105,info@shuckersoysterbar.com
Flights Fish and Wings Restaurant,https://www.facebook.com/search/top/?q=Flights%20Fish%20and%20Wings%20Restaurant%20Gulfport,N/A,info@flightsfishandwingsrestaurant.com
The Chimneys Restaurant,https://www.facebook.com/search/top/?q=The%20Chimneys%20Restaurant%20Gulfport,228-863-7604,info@thechimneysrestaurant.com
Birch Hill Sugarworks,https://www.facebook.com/search/top/?q=Birch%20Hill%20Sugarworks%20Montpelier,+1 802-760-7350,info@birchhillsugarworks.com
Bixby Hill Sugarhouse,https://www.facebook.com/search/top/?q=Bixby%20Hill%20Sugarhouse%20Burlington,(802) 343-0259,info@bixbyhillsugarhouse.com
Black Bear Farm,https://www.facebook.com/search/top/?q=Black%20Bear%20Farm%20Brattleboro,N/A,info@blackbearfarm.com
Black Bear Maple,https://www.facebook.com/search/top/?q=Black%20Bear%20Maple%20Montpelier,N/A,info@blackbearmaple.com
Black Creek Maple,https://www.facebook.com/search/top/?q=Black%20Creek%20Maple%20Burlington,802-644-6597,info@blackcreekmaple.com
Blackberry Hill Horse Logging and Maple Syrup,https://www.facebook.com/search/top/?q=Blackberry%20Hill%20Horse%20Logging%20and%20Maple%20Syrup%20Brattleboro,N/A,info@blackberryhillhorseloggingandmaplesyrup.com
Blacksheep Organics LLC,https://www.facebook.com/search/top/?q=Blacksheep%20Organics%20LLC%20Montpelier,N/A,info@blacksheeporganicsllc.com
Blakeslee,https://www.facebook.com/search/top/?q=Blakeslee%20Burlington,N/A,info@blakeslee.com
Blue Bird Ridge Tree Farm,https://www.facebook.com/search/top/?q=Blue%20Bird%20Ridge%20Tree%20Farm%20Brattleboro,1-800-269-9151,info@bluebirdridgetreefarm.com
Bolton Mountain Maple Farm LLC,https://www.facebook.com/search/top/?q=Bolton%20Mountain%20Maple%20Farm%20LLC%20Montpelier,(802) 864-0552,chuckbolton@comcast.net
Bonum Natura LLC,https://www.facebook.com/search/top/?q=Bonum%20Natura%20LLC%20Burlington,N/A,info@bonumnaturallc.com
Booth Family Sugar House,https://www.facebook.com/search/top/?q=Booth%20Family%20Sugar%20House%20Brattleboro,N/A,info@boothfamilysugarhouse.com
Borland Farm,https://www.facebook.com/search/top/?q=Borland%20Farm%20Montpelier,N/A,info@borlandfarm.com
Bouchard Family Dairy LLC,https://www.facebook.com/search/top/?q=Bouchard%20Family%20Dairy%20LLC%20Burlington,(802) 782-5944,info@bouchardfamilydairyllc.com
Bourdon Maple Farm,https://www.facebook.com/search/top/?q=Bourdon%20Maple%20Farm%20Brattleboro,(802) 300-3203,info@bourdonmaple.com
Bragg Farm Sugarhouse & Gift Shop,https://www.facebook.com/search/top/?q=Bragg%20Farm%20Sugarhouse%20%26%20Gift%20Shop%20Montpelier,(802) 223-5757,braggfarmsugarhouse@aol.com
Branon Family Maple Orchards LLC,https://www.facebook.com/search/top/?q=Branon%20Family%20Maple%20Orchards%20LLC%20Burlington,(802) 827-3914,info@branonmaple.com
Branon's Barrywilde Maples LLC,https://www.facebook.com/search/top/?q=Branon%27s%20Barrywilde%20Maples%20LLC%20Brattleboro,+1 802-309-4773,barrywildemaples@gmail.com
Bread Loaf View Farm,https://www.facebook.com/search/top/?q=Bread%20Loaf%20View%20Farm%20Montpelier,(802) 349-1755,info@breadloafviewfarm.com
Breezy Lane Sugarworks,https://www.facebook.com/search/top/?q=Breezy%20Lane%20Sugarworks%20Burlington,(802) 377-1066,info@breezylanesugarworks.com
Broken Saw Maple,https://www.facebook.com/search/top/?q=Broken%20Saw%20Maple%20Brattleboro,N/A,info@brokensawmaple.com
Brookfield Bees,https://www.facebook.com/search/top/?q=Brookfield%20Bees%20Montpelier,+1 802-276-3808,Brookfieldbees@gmail.com
Browns River Maple LLC,https://www.facebook.com/search/top/?q=Browns%20River%20Maple%20LLC%20Burlington,N/A,info@brownsrivermaplellc.com
Buck Family Maple Farm,https://www.facebook.com/search/top/?q=Buck%20Family%20Maple%20Farm%20Brattleboro,802-244-8792,info@buckfamilymaple.com
Buck Mountain Maple Bee & Tree Farm,https://www.facebook.com/search/top/?q=Buck%20Mountain%20Maple%20Bee%20%26%20Tree%20Farm%20Montpelier,N/A,Buckmtnmaplefarm@gmail.com
Burke Mt Maple Company,https://www.facebook.com/search/top/?q=Burke%20Mt%20Maple%20Company%20Burlington,N/A,info@burkemtmaplecompany.com
Butternut Mountain Farm,https://www.facebook.com/search/top/?q=Butternut%20Mountain%20Farm%20Brattleboro,1 (800) 828-2376,info@butternutmountainfarm.com
Carman Brook Farm LLC,https://www.facebook.com/search/top/?q=Carman%20Brook%20Farm%20LLC%20Montpelier,802-868-2347,Karen@cbmaplefarm.com
George Ainley,https://www.facebook.com/search/top/?q=George%20Ainley%20Burlington,(802) 263-5217,ainley.geo@gmail.com
Jim Becker,https://www.facebook.com/search/top/?q=Jim%20Becker%20Brattleboro,802-295-7004,jim@jasbecker.com
Richard Bissell,https://www.facebook.com/search/top/?q=Richard%20Bissell%20Montpelier,802-884-2725,richard@bissellwoodworking.com
David Boynton,https://www.facebook.com/search/top/?q=David%20Boynton%20Burlington,802-454-7387,dboynton@ezcloud.com
Jason Breen,https://www.facebook.com/search/top/?q=Jason%20Breen%20Brattleboro,802-257-9993,jasonebreen@gmail.com
Timothy Clark,https://www.facebook.com/search/top/?q=Timothy%20Clark%20Montpelier,802-989-3204,tim@timothyclark.com
BR Delaney,https://www.facebook.com/search/top/?q=BR%20Delaney%20Burlington,717-368-3067,br@fieldstonearts.com
Eric Diven,https://www.facebook.com/search/top/?q=Eric%20Diven%20Brattleboro,(937) 602-9271,eric@longwalkwoodworking.com
Nick English,https://www.facebook.com/search/top/?q=Nick%20English%20Montpelier,(804) 687-2523,hello@petiteandenglish.com
Chris Ericson,https://www.facebook.com/search/top/?q=Chris%20Ericson%20Burlington,802-380-2392,chris@chrisericsonfurniture.com
Bob Gasperetti,https://www.facebook.com/search/top/?q=Bob%20Gasperetti%20Brattleboro,802-293-5195,bob@gasperetti.com
Greg Goodman,https://www.facebook.com/search/top/?q=Greg%20Goodman%20Montpelier,802-451-8911,gcabmak@gmail.com
David Hurwitz,https://www.facebook.com/search/top/?q=David%20Hurwitz%20Burlington,802-728-9399,dho@davidhurwitzoriginals.com
David Lewis,https://www.facebook.com/search/top/?q=David%20Lewis%20Brattleboro,802-377-5209,david@lewiswoodshop.com
John Lomas,https://www.facebook.com/search/top/?q=John%20Lomas%20Montpelier,802-747-8564,johnlomasfurniture@gmail.com
Ward Joyce Design,https://www.facebook.com/search/top/?q=Ward%20Joyce%20Design%20Burlington,802-522-0150,wardjoyce1@hotmail.com
JH Design Build,https://www.facebook.com/search/top/?q=JH%20Design%20Build%20Brattleboro,N/A,info@jhdesignbuild.com
Anomal Design + Fabrication,https://www.facebook.com/search/top/?q=Anomal%20Design%20%2B%20Fabrication%20Montpelier,N/A,info@anomaldesignfabrication.com
Arocordis Design,https://www.facebook.com/search/top/?q=Arocordis%20Design%20Burlington,802-448-0056,info@arocordisdesign.com
Ecolibrium LLC,https://www.facebook.com/search/top/?q=Ecolibrium%20LLC%20Brattleboro,802-522-5840,info@ecolibriumllc.com
Montpelier Construction L.L.C.,https://www.facebook.com/search/top/?q=Montpelier%20Construction%20L.L.C.%20Montpelier,(802) 229-6575,info@montpelierconstruction.com
Cabot Creamery,https://www.facebook.com/search/top/?q=Cabot%20Creamery%20Burlington,800-837-4261,info@cabotcheese.com
Nails on the Go 638,None,+44 7911 354274,contact@nailsonthego638.com
Therapeutic Touch UK 123,None,+44 7911 942690,contact@therapeutictouchuk123.com
Local Skip Services 11,https://www.facebook.com/localskipservices11,+44 7911 781687,contact@localskipservices11.com
Green Fingers Gardening 260,https://www.facebook.com/greenfingersgardening260,+44 7911 292272,contact@greenfingersgardening260.com
Rapid Waste Solutions 497,https://www.facebook.com/rapidwastesolutions497,+44 7911 656687,contact@rapidwastesolutions497.com
Elite Landscapes 861,https://www.facebook.com/elitelandscapes861,+44 7911 400288,contact@elitelandscapes861.com
Pamper & Polish 915,https://www.facebook.com/pamperpolish915,+44 7911 189309,info@pamperpolish915.com
Fix-It UK 169,https://www.facebook.com/fix-ituk169,+44 7911 897547,contact@fix-ituk169.com
Green Fingers Gardening 77,None,+44 7911 299230,info@greenfingersgardening77.com
Glossy Nails 61,https://www.facebook.com/glossynails61,+44 7911 465310,info@glossynails61.com
Local Handyman Services 510,https://www.facebook.com/localhandymanservices510,+44 7911 457183,contact@localhandymanservices510.com
Pamper & Polish 514,https://www.facebook.com/pamperpolish514,+44 7911 811312,info@pamperpolish514.com
Pamper & Polish 591,https://www.facebook.com/pamperpolish591,+44 7911 764870,contact@pamperpolish591.com
Local Skip Services 305,https://www.facebook.com/localskipservices305,+44 7911 716849,contact@localskipservices305.com
QuickSkip Hire 320,None,+44 7911 183973,info@quickskiphire320.com
The Cleaning Bee 915,https://www.facebook.com/thecleaningbee915,+44 7911 221633,info@thecleaningbee915.com
At-Home Deep Tissue 53,https://www.facebook.com/at-homedeeptissue53,+44 7911 380210,info@athomedeeptissue53.com
ProFix Handymen 222,https://www.facebook.com/profixhandymen222,+44 7911 821561,contact@profixhandymen222.com
Styling on Wheels 532,None,+44 7911 273496,info@stylingonwheels532.com
Mobile Cuts & Styling 866,https://www.facebook.com/mobilecutsstyling866,+44 7911 853427,contact@mobilecutsstyling866.com
Green Fingers Gardening 814,https://www.facebook.com/greenfingersgardening814,+44 7911 251329,contact@greenfingersgardening814.com
The Cleaning Bee 408,https://www.facebook.com/thecleaningbee408,+44 7911 600390,contact@thecleaningbee408.com
Bloomsbury Gardens 883,https://www.facebook.com/bloomsburygardens883,+44 7911 706414,contact@bloomsburygardens883.com
Lawn & Leaf Landscapes 476,None,+44 7911 281428,contact@lawnleaflandscapes476.com
Pamper & Polish 144,https://www.facebook.com/pamperpolish144,+44 7911 717676,contact@pamperpolish144.com
Star AC & Handyman 156,None,+971 50 2679645,contact@starachandyman156.com
ProWash Car detailing 107,https://www.facebook.com/prowashcardetailing107,+971 50 4036395,info@prowashcardetailing107.com
Precision Detailing UAE 219,https://www.facebook.com/precisiondetailinguae219,+971 50 3039501,info@precisiondetailinguae219.com
Dubai Maids Co. 910,https://www.facebook.com/dubaimaidsco910,+971 50 7057723,contact@dubaimaidsco910.com
Al Reem Tailors 724,https://www.facebook.com/alreemtailors724,+971 50 4888211,info@alreemtailors724.com
Al Reem Tailors 374,https://www.facebook.com/alreemtailors374,+971 50 9523812,contact@alreemtailors374.com
Dubai Glamour Studios 412,https://www.facebook.com/dubaiglamourstudios412,+971 50 9912859,contact@dubaiglamourstudios412.com
Apex Home Care 618,None,+971 50 4375858,info@apexhomecare618.com
Royal Valet Dubai 448,None,+971 50 1213548,info@royalvaletdubai448.com
Cool Breeze AC Repair 708,https://www.facebook.com/coolbreezeacrepair708,+971 50 1777422,info@coolbreezeacrepair708.com
Spices of Dubai Catering 245,https://www.facebook.com/spicesofdubaicatering245,+971 50 5294451,contact@spicesofdubaicatering245.com
Zara Henna & Beauty 323,None,+971 50 1334277,contact@zarahennabeauty323.com
Henna by Fatima 294,https://www.facebook.com/hennabyfatima294,+971 50 6032190,info@hennabyfatima294.com
Royal Valet Dubai 986,https://www.facebook.com/royalvaletdubai986,+971 50 3571942,contact@royalvaletdubai986.com
Star AC & Handyman 719,https://www.facebook.com/starachandyman719,+971 50 6627728,info@starachandyman719.com
Desert Light Photography 380,https://www.facebook.com/desertlightphotography380,+971 50 2679650,contact@desertlightphotography380.com
Desert Sparkle Cleaners 499,https://www.facebook.com/desertsparklecleaners499,+971 50 4967585,contact@desertsparklecleaners499.com
Royal Fit Alterations 918,https://www.facebook.com/royalfitalterations918,+971 50 2903443,info@royalfitalterations918.com
Al Reem Tailors 387,https://www.facebook.com/alreemtailors387,+971 50 2434823,contact@alreemtailors387.com
The Bespoke Stitch 134,https://www.facebook.com/thebespokestitch134,+971 50 9127974,contact@thebespokestitch134.com
Desert Sparkle Cleaners 999,https://www.facebook.com/desertsparklecleaners999,+971 50 7174140,contact@desertsparklecleaners999.com
Glow & Drive Detailing 898,https://www.facebook.com/glowdrivedetailing898,+971 50 5509744,contact@glowdrivedetailing898.com
Al Diyafa Catering 736,https://www.facebook.com/aldiyafacatering736,+971 50 5447466,contact@aldiyafacatering736.com
Dubai Maids Co. 398,None,+971 50 6717658,contact@dubaimaidsco398.com
ProWash Car detailing 825,https://www.facebook.com/prowashcardetailing825,+971 50 1263563,contact@prowashcardetailing825.com
Laundry Kiloan Bersih 502,https://www.facebook.com/laundrykiloanbersih502,+62 812 6185063,contact@laundrykiloanbersih502.com
Doctor Phone Indonesia 932,https://www.facebook.com/doctorphoneindonesia932,+62 812 8262527,info@doctorphoneindonesia932.com
Bimbingan Belajar Pintar 531,None,+62 812 8053599,contact@bimbinganbelajarpintar531.com
Anugerah Tailor 444,https://www.facebook.com/anugerahtailor444,+62 812 4508136,info@anugerahtailor444.com
Rias Pengantin Ayu 606,https://www.facebook.com/riaspengantinayu606,+62 812 9462660,contact@riaspengantinayu606.com
Cuci Kasur Wangi 157,https://www.facebook.com/cucikasurwangi157,+62 812 8096009,info@cucikasurwangi157.com
Sutra Alterasi 172,https://www.facebook.com/sutraalterasi172,+62 812 6005099,contact@sutraalterasi172.com
Laundry Kiloan Bersih 746,https://www.facebook.com/laundrykiloanbersih746,+62 812 3962189,contact@laundrykiloanbersih746.com
Sutra Alterasi 98,None,+62 812 7802711,contact@sutraalterasi98.com
Jasa Foto Wisata 833,https://www.facebook.com/jasafotowisata833,+62 812 8823783,info@jasafotowisata833.com
Express Clean Laundry 108,None,+62 812 1922690,info@expresscleanlaundry108.com
Laundry Kiloan Bersih 494,https://www.facebook.com/laundrykiloanbersih494,+62 812 6257188,contact@laundrykiloanbersih494.com
Obyek Wisata Photo Co. 357,None,+62 812 2434759,contact@obyekwisataphotoco357.com
Solusi Komputer Jaya 747,https://www.facebook.com/solusikomputerjaya747,+62 812 3435394,contact@solusikomputerjaya747.com
Dapur Sedap UMKM 351,https://www.facebook.com/dapursedapumkm351,+62 812 3518021,contact@dapursedapumkm351.com
Servis HP Kilat 66,None,+62 812 4337595,contact@servishpkilat66.com
Cuci Kasur Wangi 211,None,+62 812 4111476,contact@cucikasurwangi211.com
Yogyakarta Scenic Guides 657,https://www.facebook.com/yogyakartascenicguides657,+62 812 1288424,contact@yogyakartascenicguides657.com
Bahasa Inggris Cepat 274,None,+62 812 7377574,contact@bahasainggriscepat274.com
Bahasa Inggris Cepat 76,None,+62 812 4749991,info@bahasainggriscepat76.com
Bimbingan Belajar Pintar 50,None,+62 812 2977700,contact@bimbinganbelajarpintar50.com
Catering Ibu Sri 827,https://www.facebook.com/cateringibusri827,+62 812 3494673,contact@cateringibusri827.com
ManiPedi Express Bali 351,https://www.facebook.com/manipediexpressbali351,+62 812 6288600,info@manipediexpressbali351.com
Sutra Alterasi 652,None,+62 812 6532972,contact@sutraalterasi652.com
Laundry Kiloan Bersih 344,https://www.facebook.com/laundrykiloanbersih344,+62 812 2429924,contact@laundrykiloanbersih344.com
Habesha Custom Tailors 390,https://www.facebook.com/habeshacustomtailors390,+251 91 8096598,contact@habeshacustomtailors390.com
Addis Beauty On-The-Go 143,https://www.facebook.com/addisbeautyon-the-go143,+251 91 2052243,info@addisbeautyonthego143.com
Lucy Office Helpers 685,https://www.facebook.com/lucyofficehelpers685,+251 91 2515847,info@lucyofficehelpers685.com
Abyssinia Traditional Tailors 27,https://www.facebook.com/abyssiniatraditionaltailors27,+251 91 6437255,contact@abyssiniatraditionaltailors27.com
Lucy Laptop Maintenance 263,https://www.facebook.com/lucylaptopmaintenance263,+251 91 6471942,contact@lucylaptopmaintenance263.com
Sheger Mobile Hair 238,https://www.facebook.com/shegermobilehair238,+251 91 4725288,contact@shegermobilehair238.com
Lucy Fashion Design 931,https://www.facebook.com/lucyfashiondesign931,+251 91 6029946,contact@lucyfashiondesign931.com
Abyssinia IT Solutions 166,None,+251 91 6235097,contact@abyssiniaitsolutions166.com
Lucy Laptop Maintenance 332,https://www.facebook.com/lucylaptopmaintenance332,+251 91 8581005,info@lucylaptopmaintenance332.com
Sheger Wedding Catering 430,https://www.facebook.com/shegerweddingcatering430,+251 91 7256506,contact@shegerweddingcatering430.com
Addis Sparkling Cleaners 531,https://www.facebook.com/addissparklingcleaners531,+251 91 9224099,info@addissparklingcleaners531.com
Addis Creative Printing 883,https://www.facebook.com/addiscreativeprinting883,+251 91 3445861,contact@addiscreativeprinting883.com
Abyssinia Wedding Studio 946,None,+251 91 5643065,contact@abyssiniaweddingstudio946.com
Addis Sparkling Cleaners 242,https://www.facebook.com/addissparklingcleaners242,+251 91 3027523,contact@addissparklingcleaners242.com
Abyssinia Wedding Studio 868,https://www.facebook.com/abyssiniaweddingstudio868,+251 91 4594878,info@abyssiniaweddingstudio868.com
Habesha Custom Tailors 246,https://www.facebook.com/habeshacustomtailors246,+251 91 2198437,info@habeshacustomtailors246.com
Addis Buffet & Injera 404,None,+251 91 7879271,contact@addisbuffetinjera404.com
Sheger Digital Prints 167,https://www.facebook.com/shegerdigitalprints167,+251 91 4138934,contact@shegerdigitalprints167.com
Chala Home Food 28,https://www.facebook.com/chalahomefood28,+251 91 3654362,info@chalahomefood28.com
Lucy Laptop Maintenance 192,https://www.facebook.com/lucylaptopmaintenance192,+251 91 5176384,info@lucylaptopmaintenance192.com
Lucy Laptop Maintenance 735,None,+251 91 8333447,contact@lucylaptopmaintenance735.com
Bole Laundry & Dry Cleaning 15,https://www.facebook.com/bolelaundrydrycleaning15,+251 91 6856586,contact@bolelaundrydrycleaning15.com
Addis Beauty On-The-Go 782,https://www.facebook.com/addisbeautyon-the-go782,+251 91 1493509,contact@addisbeautyon-the-go782.com
Bole Phone Repair 276,None,+251 91 9703558,contact@bolephonerepair276.com
Abyssinia Catering Services 179,https://www.facebook.com/abyssiniacateringservices179,+251 91 9868734,contact@abyssiniacateringservices179.com
True North Lawn Care 233,None,+1 (425) 555-6637,info@truenorthlawncare233.com
Rocky Mountain Education 472,None,+1 (565) 555-1758,contact@rockymountaineducation472.com
Rocky Mountain Lawns 864,https://www.facebook.com/rockymountainlawns864,+1 (633) 555-2034,contact@rockymountainlawns864.com
ProFix Canada 541,https://www.facebook.com/profixcanada541,+1 (540) 555-7166,contact@profixcanada541.com
Rocky Mountain Education 935,https://www.facebook.com/rockymountaineducation935,+1 (769) 555-2198,info@rockymountaineducation935.com
True North Grooming 518,https://www.facebook.com/truenorthgrooming518,+1 (870) 555-8195,contact@truenorthgrooming518.com
Maple Leaf Gardens 527,https://www.facebook.com/mapleleafgardens527,+1 (730) 555-5934,info@mapleleafgardens527.com
Maple Glow Auto Detailing 154,https://www.facebook.com/mapleglowautodetailing154,+1 (221) 555-3783,contact@mapleglowautodetailing154.com
Canuck Clean & Clear 475,https://www.facebook.com/canuckcleanclear475,+1 (865) 555-1833,contact@canuckcleanclear475.com
True North Home Repair 406,https://www.facebook.com/truenorthhomerepair406,+1 (744) 555-1389,contact@truenorthhomerepair406.com
Maple Shine Cleaners 883,None,+1 (769) 555-7696,contact@mapleshinecleaners883.com
Maple Leaf Gardens 193,https://www.facebook.com/mapleleafgardens193,+1 (560) 555-5003,info@mapleleafgardens193.com
Maple Shine Cleaners 342,https://www.facebook.com/mapleshinecleaners342,+1 (809) 555-2874,info@mapleshinecleaners342.com
Canuck Clean & Clear 15,https://www.facebook.com/canuckcleanclear15,+1 (771) 555-2251,contact@canuckcleanclear15.com
ProFix Canada 705,https://www.facebook.com/profixcanada705,+1 (308) 555-5469,contact@profixcanada705.com
Rocky Mountain Detailing 990,None,+1 (735) 555-4246,info@rockymountaindetailing990.com
True North Academic Prep 733,https://www.facebook.com/truenorthacademicprep733,+1 (494) 555-9704,contact@truenorthacademicprep733.com
Glacier Mobile Nails 730,https://www.facebook.com/glaciermobilenails730,+1 (667) 555-7939,contact@glaciermobilenails730.com
Rocky Mountain Pet Groomers 148,https://www.facebook.com/rockymountainpetgroomers148,+1 (446) 555-7001,contact@rockymountainpetgroomers148.com
True North Home Helpers 821,None,+1 (313) 555-6805,contact@truenorthhomehelpers821.com
Canadian Pup Stylists 187,None,+1 (610) 555-9057,contact@canadianpupstylists187.com
Maple Shine Cleaners 771,https://www.facebook.com/mapleshinecleaners771,+1 (711) 555-1793,contact@mapleshinecleaners771.com
Maple Shine Cleaners 550,https://www.facebook.com/mapleshinecleaners550,+1 (473) 555-4829,contact@mapleshinecleaners550.com
ProFix Canada 733,None,+1 (255) 555-4174,contact@profixcanada733.com
Maple Leaf Gardens 620,https://www.facebook.com/mapleleafgardens620,+1 (416) 555-5105,contact@mapleleafgardens620.com
Norden Snabba Städ 389,https://www.facebook.com/nordensnabbastäd389,+46 70 7189386,contact@nordensnabbastäd389.com
Målarproffs Norden 33,https://www.facebook.com/målarproffsnorden33,+46 70 7949504,info@målarproffsnorden33.com
Ren & Skär Städ 279,https://www.facebook.com/renskärstäd279,+46 70 2505882,contact@renskärstäd279.com
Målarproffs Norden 961,https://www.facebook.com/målarproffsnorden961,+46 70 4305483,info@målarproffsnorden961.com
Vovve & Co. Hundvakter 246,https://www.facebook.com/vovvecohundvakter246,+46 70 7714393,info@vovvecohundvakter246.com
Stockholm Måleri AB 282,None,+46 70 2445470,info@stockholmmåleriab282.com
Aktiv Livsstil PT 708,https://www.facebook.com/aktivlivsstilpt708,+46 70 3838860,contact@aktivlivsstilpt708.com
Gröna Fingrar Trädgård 918,https://www.facebook.com/grönafingrarträdgård918,+46 70 6147405,info@grönafingrarträdgård918.com
Gröna Fingrar Trädgård 49,https://www.facebook.com/grönafingrarträdgård49,+46 70 2389110,contact@grönafingrarträdgård49.com
Hundpromenad Norden 839,https://www.facebook.com/hundpromenadnorden839,+46 70 8163179,contact@hundpromenadnorden839.com
Norden Landskap 793,https://www.facebook.com/nordenlandskap793,+46 70 9115589,contact@nordenlandskap793.com
Målarproffs Norden 45,https://www.facebook.com/målarproffsnorden45,+46 70 6229581,contact@målarproffsnorden45.com
Aktiv Livsstil PT 853,https://www.facebook.com/aktivlivsstilpt853,+46 70 4557472,info@aktivlivsstilpt853.com
Stockholm Trädgårdsteknik 355,https://www.facebook.com/stockholmträdgårdsteknik355,+46 70 9576622,info@stockholmträdgårdsteknik355.com
Aktiv Livsstil PT 849,https://www.facebook.com/aktivlivsstilpt849,+46 70 4314280,contact@aktivlivsstilpt849.com
Stockholm Städkompani 223,None,+46 70 4117780,contact@stockholmstädkompani223.com
Vovve & Co. Hundvakter 998,https://www.facebook.com/vovvecohundvakter998,+46 70 7014055,contact@vovvecohundvakter998.com
Stockholm Trädgårdsteknik 638,https://www.facebook.com/stockholmträdgårdsteknik638,+46 70 6804828,contact@stockholmträdgårdsteknik638.com
Ren & Skär Städ 113,https://www.facebook.com/renskärstäd113,+46 70 4763346,contact@renskärstäd113.com
Målarproffs Norden 679,https://www.facebook.com/målarproffsnorden679,+46 70 6425575,info@målarproffsnorden679.com
Målarproffs Norden 538,https://www.facebook.com/målarproffsnorden538,+46 70 9126372,contact@målarproffsnorden538.com
Svenska Hundhjälpen 721,None,+46 70 5058464,contact@svenskahundhjälpen721.com
Vovve & Co. Hundvakter 113,https://www.facebook.com/vovvecohundvakter113,+46 70 7089285,contact@vovvecohundvakter113.com
Firma Fixar-Arvid 619,https://www.facebook.com/firmafixar-arvid619,+46 70 8436930,contact@firmafixar-arvid619.com
Norden Snabba Städ 913,https://www.facebook.com/nordensnabbastäd913,+46 70 4066407,contact@nordensnabbastäd913.com
ProFix Handymen 796,https://www.facebook.com/profixhandymen796,+44 7911 360969,contact@profixhandymen796.com
Styling on Wheels 51,https://www.facebook.com/stylingonwheels51,+44 7911 771557,contact@stylingonwheels51.com
Nails on the Go 823,https://www.facebook.com/nailsonthego823,+44 7911 305634,contact@nailsonthego823.com
The Cleaning Bee 866,None,+44 7911 311182,contact@thecleaningbee866.com
Squeaky Clean Helpers 28,https://www.facebook.com/squeakycleanhelpers28,+44 7911 986316,info@squeakycleanhelpers28.com
Glossy Nails 415,https://www.facebook.com/glossynails415,+44 7911 681311,info@glossynails415.com
ClearView Window Techs 202,https://www.facebook.com/clearviewwindowtechs202,+44 7911 674740,contact@clearviewwindowtechs202.com
Elite Landscapes 14,None,+44 7911 800556,contact@elitelandscapes14.com
Precision Mobile Valets 25,https://www.facebook.com/precisionmobilevalets25,+44 7911 867798,info@precisionmobilevalets25.com
Nails on the Go 564,https://www.facebook.com/nailsonthego564,+44 7911 573623,contact@nailsonthego564.com
Local Skip Services 498,https://www.facebook.com/localskipservices498,+44 7911 799262,contact@localskipservices498.com
Precision Mobile Valets 846,https://www.facebook.com/precisionmobilevalets846,+44 7911 512548,contact@precisionmobilevalets846.com
Mobile Cuts & Styling 19,None,+44 7911 610655,contact@mobilecutsstyling19.com
Lawn & Leaf Landscapes 726,None,+44 7911 670345,contact@lawnleaflandscapes726.com
Glossy Nails 237,https://www.facebook.com/glossynails237,+44 7911 183445,contact@glossynails237.com
Nails on the Go 44,https://www.facebook.com/nailsonthego44,+44 7911 537984,contact@nailsonthego44.com
Barking Beautiful 979,https://www.facebook.com/barkingbeautiful979,+44 7911 588598,contact@barkingbeautiful979.com
ProFix Handymen 734,https://www.facebook.com/profixhandymen734,+44 7911 119168,contact@profixhandymen734.com
At-Home Deep Tissue 971,https://www.facebook.com/at-homedeeptissue971,+44 7911 225574,contact@at-homedeeptissue971.com
Sparkle & Shine UK 558,https://www.facebook.com/sparkleshineuk558,+44 7911 566825,info@sparkleshineuk558.com
Apex Rubbish Removal 812,None,+44 7911 164470,contact@apexrubbishremoval812.com
Soothe Mobile Massage 219,None,+44 7911 910265,contact@soothemobilemassage219.com
Apex Window Cleaners 359,https://www.facebook.com/apexwindowcleaners359,+44 7911 246324,info@apexwindowcleaners359.com
EcoGlow Detailing 836,None,+44 7911 579756,info@ecoglowdetailing836.com
Squeaky Clean Helpers 855,https://www.facebook.com/squeakycleanhelpers855,+44 7911 794559,contact@squeakycleanhelpers855.com
Desert Rose Henna Art 468,https://www.facebook.com/desertrosehennaart468,+971 50 6501071,info@desertrosehennaart468.com
Glow & Drive Detailing 339,https://www.facebook.com/glowdrivedetailing339,+971 50 1695678,contact@glowdrivedetailing339.com
Desert Light Photography 154,https://www.facebook.com/desertlightphotography154,+971 50 8275096,info@desertlightphotography154.com
Golden Thread Dubai 128,https://www.facebook.com/goldenthreaddubai128,+971 50 9219230,info@goldenthreaddubai128.com
Apex Home Care 753,https://www.facebook.com/apexhomecare753,+971 50 7591344,contact@apexhomecare753.com
The Bespoke Stitch 194,None,+971 50 6826847,contact@thebespokestitch194.com
Oasis Home Food 375,https://www.facebook.com/oasishomefood375,+971 50 5477564,contact@oasishomefood375.com
Desert Sparkle Cleaners 726,https://www.facebook.com/desertsparklecleaners726,+971 50 9185357,contact@desertsparklecleaners726.com
Royal Fit Alterations 952,https://www.facebook.com/royalfitalterations952,+971 50 5684311,info@royalfitalterations952.com
The Bespoke Stitch 827,https://www.facebook.com/thebespokestitch827,+971 50 1606123,contact@thebespokestitch827.com
Oasis Memories Photography 120,None,+971 50 7303851,contact@oasismemoriesphotography120.com
Cool Breeze AC Repair 496,https://www.facebook.com/coolbreezeacrepair496,+971 50 3803798,info@coolbreezeacrepair496.com
Spices of Dubai Catering 170,https://www.facebook.com/spicesofdubaicatering170,+971 50 1693143,info@spicesofdubaicatering170.com
Oasis Home Food 547,https://www.facebook.com/oasishomefood547,+971 50 9744686,info@oasishomefood547.com
Fix-It Dubai 434,https://www.facebook.com/fix-itdubai434,+971 50 6794857,info@fixitdubai434.com
Cool Breeze AC Repair 509,None,+971 50 9845449,info@coolbreezeacrepair509.com
Premium UAE Wedding Photos 860,https://www.facebook.com/premiumuaeweddingphotos860,+971 50 2992972,contact@premiumuaeweddingphotos860.com
Desert HVAC Specialists 889,https://www.facebook.com/deserthvacspecialists889,+971 50 1552457,contact@deserthvacspecialists889.com
Premium UAE Wedding Photos 482,https://www.facebook.com/premiumuaeweddingphotos482,+971 50 2442645,contact@premiumuaeweddingphotos482.com
Oasis Memories Photography 686,https://www.facebook.com/oasismemoriesphotography686,+971 50 7942877,contact@oasismemoriesphotography686.com
Oasis Home Food 438,https://www.facebook.com/oasishomefood438,+971 50 3671775,contact@oasishomefood438.com
Elite Maids UAE 942,https://www.facebook.com/elitemaidsuae942,+971 50 9733827,info@elitemaidsuae942.com
Royal Buffet UAE 667,https://www.facebook.com/royalbuffetuae667,+971 50 7581867,contact@royalbuffetuae667.com
Desert Oasis Maintenance 876,https://www.facebook.com/desertoasismaintenance876,+971 50 4268774,contact@desertoasismaintenance876.com
Precision Detailing UAE 151,https://www.facebook.com/precisiondetailinguae151,+971 50 6717115,contact@precisiondetailinguae151.com
Dapur Sedap UMKM 675,https://www.facebook.com/dapursedapumkm675,+62 812 7884155,contact@dapursedapumkm675.com
Bahasa Inggris Cepat 191,None,+62 812 7993443,contact@bahasainggriscepat191.com
Anugerah Tailor 138,https://www.facebook.com/anugerahtailor138,+62 812 1296283,contact@anugerahtailor138.com
Express Clean Laundry 372,https://www.facebook.com/expresscleanlaundry372,+62 812 7141026,contact@expresscleanlaundry372.com
Laundry Kiloan Bersih 34,https://www.facebook.com/laundrykiloanbersih34,+62 812 1753335,info@laundrykiloanbersih34.com
Bimbingan Belajar Pintar 735,https://www.facebook.com/bimbinganbelajarpintar735,+62 812 3476913,contact@bimbinganbelajarpintar735.com
Doctor Phone Indonesia 240,https://www.facebook.com/doctorphoneindonesia240,+62 812 1482830,info@doctorphoneindonesia240.com
ManiPedi Express Bali 837,https://www.facebook.com/manipediexpressbali837,+62 812 2278309,contact@manipediexpressbali837.com
Laundry Kiloan Bersih 216,None,+62 812 1392140,info@laundrykiloanbersih216.com
Laundry Kiloan Bersih 306,None,+62 812 8992339,info@laundrykiloanbersih306.com
Nasi Kotak Berkah 147,None,+62 812 7591286,contact@nasikotakberkah147.com
Solusi Komputer Jaya 100,https://www.facebook.com/solusikomputerjaya100,+62 812 9967517,contact@solusikomputerjaya100.com
Laundry Kiloan Bersih 587,https://www.facebook.com/laundrykiloanbersih587,+62 812 6161053,contact@laundrykiloanbersih587.com
Cuci Kasur Wangi 724,None,+62 812 4275783,contact@cucikasurwangi724.com
Salon Cantik Keliling 242,https://www.facebook.com/saloncantikkeliling242,+62 812 2565878,contact@saloncantikkeliling242.com
Obyek Wisata Photo Co. 867,https://www.facebook.com/obyekwisataphotoco867,+62 812 4396160,contact@obyekwisataphotoco867.com
Anggun Mobile Beauty 284,https://www.facebook.com/anggunmobilebeauty284,+62 812 5315287,contact@anggunmobilebeauty284.com
Sari Laundry & Dry Clean 400,https://www.facebook.com/sarilaundrydryclean400,+62 812 5854740,contact@sarilaundrydryclean400.com
Penjahit Rapi Jaya 308,None,+62 812 3462677,info@penjahitrapijaya308.com
Anggun Mobile Beauty 665,https://www.facebook.com/anggunmobilebeauty665,+62 812 1338515,contact@anggunmobilebeauty665.com
Sari Laundry & Dry Clean 660,None,+62 812 7316544,info@sarilaundrydryclean660.com
Anggun Mobile Beauty 60,https://www.facebook.com/anggunmobilebeauty60,+62 812 9273346,contact@anggunmobilebeauty60.com
Salon Cantik Keliling 421,None,+62 812 2502133,contact@saloncantikkeliling421.com
Sutra Alterasi 421,https://www.facebook.com/sutraalterasi421,+62 812 4024944,contact@sutraalterasi421.com
Catering Ibu Sri 883,https://www.facebook.com/cateringibusri883,+62 812 8339955,contact@cateringibusri883.com
Abyssinia Wedding Studio 93,https://www.facebook.com/abyssiniaweddingstudio93,+251 91 1788766,contact@abyssiniaweddingstudio93.com
Selam Home Cleaning 357,https://www.facebook.com/selamhomecleaning357,+251 91 2951738,contact@selamhomecleaning357.com
Lucy Office Helpers 122,https://www.facebook.com/lucyofficehelpers122,+251 91 4638311,contact@lucyofficehelpers122.com
Lucy Office Helpers 865,https://www.facebook.com/lucyofficehelpers865,+251 91 2675045,contact@lucyofficehelpers865.com
Addis Buffet & Injera 257,https://www.facebook.com/addisbuffetinjera257,+251 91 8829520,info@addisbuffetinjera257.com
Bole Memories Photography 85,https://www.facebook.com/bolememoriesphotography85,+251 91 1156239,contact@bolememoriesphotography85.com
Abyssinia Catering Services 223,https://www.facebook.com/abyssiniacateringservices223,+251 91 4096939,contact@abyssiniacateringservices223.com
Lucy Office Helpers 460,None,+251 91 5154800,contact@lucyofficehelpers460.com
Habesha Custom Tailors 653,https://www.facebook.com/habeshacustomtailors653,+251 91 2013573,info@habeshacustomtailors653.com
Abyssinia Traditional Tailors 768,https://www.facebook.com/abyssiniatraditionaltailors768,+251 91 4048201,info@abyssiniatraditionaltailors768.com
Enat Beauty Salons 69,https://www.facebook.com/enatbeautysalons69,+251 91 6663627,info@enatbeautysalons69.com
Addis Beauty On-The-Go 236,https://www.facebook.com/addisbeautyon-the-go236,+251 91 4827878,info@addisbeautyonthego236.com
Addis Buffet & Injera 471,https://www.facebook.com/addisbuffetinjera471,+251 91 9121336,contact@addisbuffetinjera471.com
Sheger Digital Prints 43,https://www.facebook.com/shegerdigitalprints43,+251 91 1555364,contact@shegerdigitalprints43.com
Abyssinia IT Solutions 181,https://www.facebook.com/abyssiniaitsolutions181,+251 91 9542114,contact@abyssiniaitsolutions181.com
Selam Sew Styles 977,https://www.facebook.com/selamsewstyles977,+251 91 5561004,info@selamsewstyles977.com
Chala Home Food 534,https://www.facebook.com/chalahomefood534,+251 91 2476028,contact@chalahomefood534.com
Sheger Mobile Hair 235,https://www.facebook.com/shegermobilehair235,+251 91 8924644,contact@shegermobilehair235.com
Lucy Laptop Maintenance 342,https://www.facebook.com/lucylaptopmaintenance342,+251 91 5348148,contact@lucylaptopmaintenance342.com
Bole Laundry & Dry Cleaning 665,None,+251 91 1483822,contact@bolelaundrydrycleaning665.com
Addis Sparkling Cleaners 814,https://www.facebook.com/addissparklingcleaners814,+251 91 3815652,contact@addissparklingcleaners814.com
Abyssinia Traditional Tailors 786,None,+251 91 5602105,contact@abyssiniatraditionaltailors786.com
Abyssinia Wedding Studio 347,https://www.facebook.com/abyssiniaweddingstudio347,+251 91 4568261,contact@abyssiniaweddingstudio347.com
Lucy Office Helpers 501,None,+251 91 4069966,contact@lucyofficehelpers501.com
Lucy Fashion Design 783,https://www.facebook.com/lucyfashiondesign783,+251 91 7814953,info@lucyfashiondesign783.com
